what,kind,bundleId,bundleVersion,description,time
deactivated,workbench,org.eclipse.ui.workbench,3.5.2.M20100113-0800,"",1333522688132
activated,workbench,org.eclipse.ui.workbench,3.5.2.M20100113-0800,"",1333522690036
deactivated,workbench,org.eclipse.ui.workbench,3.5.2.M20100113-0800,"",1333522736871
closed,workbench,org.eclipse.ui.workbench,3.5.2.M20100113-0800,"",1333522985887
stopped,bundle,org.eclipse.team.cvs.ssh2,3.2.200.I20090508-2000,"org.eclipse.team.cvs.ssh2",1333522999209
stopped,bundle,org.eclipse.team.cvs.ssh,3.2.100.I20090508-2000,"org.eclipse.team.cvs.ssh",1333522999396
stopped,bundle,org.eclipse.team.cvs.ui,3.3.202.r35x_20090930-0800,"org.eclipse.team.cvs.ui",1333523000067
stopped,bundle,org.eclipse.team.cvs.core,3.3.200.I20090430-0408,"org.eclipse.team.cvs.core",1333523000223
stopped,bundle,org.eclipse.jsch.ui,1.1.200.r35x_20100210-1114,"org.eclipse.jsch.ui",1333523000473
stopped,bundle,org.eclipse.jsch.core,1.1.100.I20090430-0408,"org.eclipse.jsch.core",1333523000473
stopped,bundle,org.eclipse.help.webapp,3.4.1.v20091009_35x,"org.eclipse.help.webapp",1333523000613
stopped,bundle,org.eclipse.equinox.jsp.jasper.registry,1.0.100.v20090520-1800,"org.eclipse.equinox.jsp.jasper.registry",1333523000785
stopped,bundle,org.eclipse.equinox.jsp.jasper,1.0.200.v20090520-1800,"org.eclipse.equinox.jsp.jasper",1333523000925
stopped,bundle,com.android.ide.eclipse.adt,12.0.0.v201106281929-138431,"com.android.ide.eclipse.adt",1333523000956
stopped,bundle,org.eclipse.ui.cheatsheets,3.3.200.v20090526,"org.eclipse.ui.cheatsheets",1333523001175
stopped,bundle,org.eclipse.help.ui,3.4.1.v20090819_35x,"org.eclipse.help.ui",1333523001424
stopped,bundle,org.eclipse.epp.usagedata.ui,1.1.1.R201001291118,"org.eclipse.epp.usagedata.ui",1333523001534
stopped,bundle,org.eclipse.ui.intro.universal,3.2.300.v20090526,"org.eclipse.ui.intro.universal",1333523001861
stopped,bundle,org.eclipse.ui.intro,3.3.2.v20100111_35x,"org.eclipse.ui.intro",1333523001861
stopped,bundle,org.eclipse.help.base,3.4.0.v201002111343,"org.eclipse.help.base",1333523001892
stopped,bundle,org.eclipse.equinox.http.jetty,2.0.0.v20090520-1800,"org.eclipse.equinox.http.jetty",1333523001986
stopped,bundle,org.eclipse.equinox.http.servlet,1.0.200.v20090520-1800,"org.eclipse.equinox.http.servlet",1333523002126
stopped,bundle,org.eclipse.equinox.p2.reconciler.dropins,1.0.100.v20090520-1905,"org.eclipse.equinox.p2.reconciler.dropins",1333523002126
stopped,bundle,org.eclipse.equinox.p2.extensionlocation,1.0.100.v20090520-1905,"org.eclipse.equinox.p2.extensionlocation",1333523002626
stopped,bundle,org.eclipse.equinox.p2.directorywatcher,1.0.100.v20090525,"org.eclipse.equinox.p2.directorywatcher",1333523002626
stopped,bundle,org.eclipse.equinox.util,1.0.100.v20090520-1800,"org.eclipse.equinox.util",1333523002626
stopped,bundle,org.eclipse.ecf.provider.filetransfer.httpclient,3.0.1.v20090831-1906,"org.eclipse.ecf.provider.filetransfer.httpclient",1333523003094
stopped,bundle,org.eclipse.equinox.p2.director.app,1.0.101.R35x_v20091106,"org.eclipse.equinox.p2.director.app",1333523003296
stopped,bundle,org.eclipse.equinox.p2.console,1.0.100.v20090520-1905,"org.eclipse.equinox.p2.console",1333523003437
stopped,bundle,org.eclipse.equinox.p2.ui.sdk,1.0.100.v20090520-1905,"org.eclipse.equinox.p2.ui.sdk",1333523003655
stopped,bundle,org.eclipse.equinox.p2.ui.sdk.scheduler,1.0.0.v20090520-1905,"org.eclipse.equinox.p2.ui.sdk.scheduler",1333523003655
stopped,bundle,org.eclipse.mylyn.bugzilla.ui,3.6.0.v20110608-1400,"org.eclipse.mylyn.bugzilla.ui",1333523003655
stopped,bundle,org.eclipse.mylyn.ide.ant,3.6.0.v20110608-1400,"org.eclipse.mylyn.ide.ant",1333523004638
stopped,bundle,org.eclipse.mylyn.java.ui,3.6.0.v20110608-1400,"org.eclipse.mylyn.java.ui",1333523004638
stopped,bundle,org.eclipse.mylyn.ide.ui,3.6.0.v20110608-1400,"org.eclipse.mylyn.ide.ui",1333523004638
stopped,bundle,org.eclipse.mylyn.team.ui,3.6.0.v20110608-1400,"org.eclipse.mylyn.team.ui",1333523004638
stopped,bundle,org.eclipse.mylyn.resources.ui,3.6.0.v20110608-1400,"org.eclipse.mylyn.resources.ui",1333523004747
stopped,bundle,org.eclipse.mylyn.wikitext.tasks.ui,1.5.0.v20110608-1400,"org.eclipse.mylyn.wikitext.tasks.ui",1333523004919
stopped,bundle,org.eclipse.mylyn.context.ui,3.6.0.v20110608-1400,"org.eclipse.mylyn.context.ui",1333523004919
stopped,bundle,org.eclipse.mylyn.help.ui,3.6.0.v20110608-1400,"org.eclipse.mylyn.help.ui",1333523005184
stopped,bundle,org.eclipse.mylyn.java.tasks,3.6.0.v20110608-1400,"org.eclipse.mylyn.java.tasks",1333523005184
stopped,bundle,org.eclipse.mylyn.tasks.bugs,3.6.0.v20110608-1400,"org.eclipse.mylyn.tasks.bugs",1333523005730
stopped,bundle,org.eclipse.mylyn.tasks.ui,3.6.0.v20110608-1400,"org.eclipse.mylyn.tasks.ui",1333523005730
stopped,bundle,org.eclipse.equinox.p2.ui,1.0.101.R35x_v20090819,"org.eclipse.equinox.p2.ui",1333523005980
stopped,bundle,org.eclipse.equinox.p2.exemplarysetup,1.0.100.v20090520-1905,"org.eclipse.equinox.p2.exemplarysetup",1333523006042
stopped,bundle,org.eclipse.equinox.p2.updatechecker,1.1.0.v20090520-1905,"org.eclipse.equinox.p2.updatechecker",1333523006042
stopped,bundle,org.eclipse.equinox.p2.touchpoint.eclipse,1.0.101.R35x_20090820-1821,"org.eclipse.equinox.p2.touchpoint.eclipse",1333523006370
stopped,bundle,org.eclipse.equinox.p2.garbagecollector,1.0.100.v20090520-1905,"org.eclipse.equinox.p2.garbagecollector",1333523006479
stopped,bundle,org.eclipse.equinox.p2.repository.tools,1.0.2.R35x_20100111,"org.eclipse.equinox.p2.repository.tools",1333523006853
stopped,bundle,org.eclipse.equinox.p2.director,1.0.101.R35x_v20100112,"org.eclipse.equinox.p2.director",1333523006869
stopped,bundle,org.eclipse.equinox.p2.touchpoint.natives,1.0.101.R35x_v20090806,"org.eclipse.equinox.p2.touchpoint.natives",1333523007087
stopped,bundle,org.eclipse.wst.xsd.ui,1.2.204.v200909021537,"org.eclipse.wst.xsd.ui",1333523007664
stopped,bundle,org.eclipse.emf.edit.ui,2.5.0.v200906151043,"org.eclipse.emf.edit.ui",1333523008148
stopped,bundle,org.eclipse.emf.common.ui,2.5.0.v200906151043,"org.eclipse.emf.common.ui",1333523008881
stopped,bundle,org.tigris.subversion.subclipse.ui,1.0.0,"org.tigris.subversion.subclipse.ui",1333523008881
stopped,bundle,com.cloudgarden.jigloo,4.5.2,"com.cloudgarden.jigloo",1333523008912
stopped,bundle,org.eclipse.ant.ui,3.4.2.v20091204_r352,"org.eclipse.ant.ui",1333523008912
stopped,bundle,org.eclipse.jdt.junit,3.5.2.r352_v20100113-0800,"org.eclipse.jdt.junit",1333523008912
stopped,bundle,org.eclipse.jdt.debug.ui,3.4.1.v20090811_r351,"org.eclipse.jdt.debug.ui",1333523008959
stopped,bundle,org.eclipse.jdt.apt.ui,3.3.200.v20090930-2100_R35x,"org.eclipse.jdt.apt.ui",1333523009365
stopped,bundle,org.eclipse.jdt.ui,3.5.2.r352_v20100106-0800,"org.eclipse.jdt.ui",1333523009365
stopped,bundle,org.eclipse.wst.dtd.ui,1.0.400.v200904300717,"org.eclipse.wst.dtd.ui",1333523009926
stopped,bundle,org.eclipse.wst.xml.ui,1.1.2.v201001222130,"org.eclipse.wst.xml.ui",1333523009973
stopped,bundle,org.eclipse.wst.common.ui,1.1.402.v200901262305,"org.eclipse.wst.common.ui",1333523012344
stopped,bundle,org.eclipse.wst.sse.ui,1.1.102.v200910200227,"org.eclipse.wst.sse.ui",1333523012766
stopped,bundle,org.eclipse.search,3.5.1.r351_v20090708-0800,"org.eclipse.search",1333523012766
stopped,bundle,org.eclipse.ltk.ui.refactoring,3.4.101.r352_v20100209,"org.eclipse.ltk.ui.refactoring",1333523012766
stopped,bundle,org.eclipse.team.ui,3.5.0.I20090430-0408,"org.eclipse.team.ui",1333523012766
stopped,bundle,org.eclipse.compare.win32,1.0.0.I20090430-0408,"org.eclipse.compare.win32",1333523013093
stopped,bundle,org.tigris.subversion.subclipse.core,1.0.0,"org.tigris.subversion.subclipse.core",1333523013093
stopped,bundle,org.eclipse.compare,3.5.2.r35x_20100113-0800,"org.eclipse.compare",1333523013093
stopped,bundle,org.eclipse.ui.externaltools,3.2.0.v20090504,"org.eclipse.ui.externaltools",1333523013546
stopped,bundle,org.eclipse.debug.ui,3.5.2.v20091028_r352,"org.eclipse.debug.ui",1333523013546
stopped,bundle,org.eclipse.mylyn.commons.team,0.8.0.v20110608-1400,"org.eclipse.mylyn.commons.team",1333523013748
stopped,bundle,org.eclipse.mylyn.commons.ui,3.6.0.v20110608-1400,"org.eclipse.mylyn.commons.ui",1333523013748
stopped,bundle,org.eclipse.mylyn.wikitext.ui,1.5.0.v20110608-1400,"org.eclipse.mylyn.wikitext.ui",1333523014435
stopped,bundle,org.eclipse.ui.editors,3.5.0.v20090527-2000,"org.eclipse.ui.editors",1333523014435
stopped,bundle,org.eclipse.wst.validation.ui,1.2.104.v200904232035,"org.eclipse.wst.validation.ui",1333523015184
stopped,bundle,org.eclipse.ui.views.log,1.0.100.v20090731,"org.eclipse.ui.views.log",1333523015652
stopped,bundle,org.eclipse.wst.common.frameworks.ui,1.1.301.v200908101600,"org.eclipse.wst.common.frameworks.ui",1333523016229
stopped,bundle,org.eclipse.wst.common.snippets,1.1.301.v201001280015,"org.eclipse.wst.common.snippets",1333523016494
stopped,bundle,com.android.ide.eclipse.ddms,12.0.0.v201106281929-138431,"com.android.ide.eclipse.ddms",1333523016603
stopped,bundle,org.eclipse.ui.navigator.resources,3.4.1.M20090826-0800,"org.eclipse.ui.navigator.resources",1333523017056
stopped,bundle,org.eclipse.ui.ide,3.5.2.M20100113-0800,"org.eclipse.ui.ide",1333523017087
stopped,bundle,org.eclipse.equinox.p2.engine,1.0.102.R35x_v20091117,"org.eclipse.equinox.p2.engine",1333523017087
stopped,bundle,org.eclipse.equinox.p2.metadata.generator,1.0.101.R35x_20100114,"org.eclipse.equinox.p2.metadata.generator",1333523017539
stopped,bundle,org.eclipse.equinox.p2.updatesite,1.0.101.R35x_20100105,"org.eclipse.equinox.p2.updatesite",1333523017820
stopped,bundle,org.eclipse.equinox.p2.publisher,1.0.1.R35x_20100105,"org.eclipse.equinox.p2.publisher",1333523017836
stopped,bundle,org.eclipse.equinox.p2.artifact.repository,1.0.101.R35x_v20090721,"org.eclipse.equinox.p2.artifact.repository",1333523017836
stopped,bundle,org.eclipse.equinox.p2.metadata.repository,1.0.101.R35x_v20090812,"org.eclipse.equinox.p2.metadata.repository",1333523017836
stopped,bundle,org.eclipse.equinox.p2.repository,1.0.1.R35x_v20100105,"org.eclipse.equinox.p2.repository",1333523017836
stopped,bundle,org.eclipse.ecf.provider.filetransfer,3.0.1.v20090831-1906,"org.eclipse.ecf.provider.filetransfer",1333523018038
stopped,bundle,org.eclipse.ecf.filetransfer,3.0.0.v20090831-1906,"org.eclipse.ecf.filetransfer",1333523018038
stopped,bundle,org.eclipse.ecf,3.0.0.v20090831-1906,"org.eclipse.ecf",1333523018522
stopped,bundle,org.eclipse.ecf.identity,3.0.0.v20090831-1906,"org.eclipse.ecf.identity",1333523018694
stopped,bundle,org.eclipse.ui.console,3.4.0.v20090513,"org.eclipse.ui.console",1333523018694
stopped,bundle,org.eclipse.ui.workbench.texteditor,3.5.1.r352_v20100105,"org.eclipse.ui.workbench.texteditor",1333523018694
stopped,bundle,org.eclipse.compare.core,3.5.0.I20090430-0408,"org.eclipse.compare.core",1333523018756
stopped,bundle,org.eclipse.jdt.core.manipulation,1.3.0.v20090603,"org.eclipse.jdt.core.manipulation",1333523018756
stopped,bundle,org.eclipse.ltk.core.refactoring,3.5.0.v20090513-2000,"org.eclipse.ltk.core.refactoring",1333523018881
stopped,bundle,org.eclipse.wst.dtd.core,1.1.300.v200904181727,"org.eclipse.wst.dtd.core",1333523019489
stopped,bundle,org.eclipse.wst.xsd.core,1.1.401.v200903020335,"org.eclipse.wst.xsd.core",1333523020160
stopped,bundle,org.eclipse.wst.xml.core,1.1.402.v201001222130,"org.eclipse.wst.xml.core",1333523020581
stopped,bundle,org.eclipse.wst.sse.core,1.1.402.v201001251516,"org.eclipse.wst.sse.core",1333523020581
stopped,bundle,org.eclipse.core.filebuffers,3.5.0.v20090526-2000,"org.eclipse.core.filebuffers",1333523020581
stopped,bundle,org.eclipse.core.runtime.compatibility,3.2.0.v20090413,"org.eclipse.core.runtime.compatibility",1333523020581
stopped,bundle,org.eclipse.emf.ecore.edit,2.5.0.v200906151043,"org.eclipse.emf.ecore.edit",1333523021065
stopped,bundle,org.eclipse.xsd.edit,2.5.0.v200906151043,"org.eclipse.xsd.edit",1333523021533
stopped,bundle,org.eclipse.wst.common.modulecore,1.1.301.v201001252130,"org.eclipse.wst.common.modulecore",1333523021907
stopped,bundle,org.eclipse.wst.common.emfworkbench.integration,1.1.301.v200908101600,"org.eclipse.wst.common.emfworkbench.integration",1333523022143
stopped,bundle,org.eclipse.emf.edit,2.5.0.v200906151043,"org.eclipse.emf.edit",1333523022471
stopped,bundle,org.eclipse.emf.ecore.change,2.5.0.v200906151043,"org.eclipse.emf.ecore.change",1333523023110
stopped,bundle,org.eclipse.wst.common.emf,1.1.301.v200908181930,"org.eclipse.wst.common.emf",1333523023376
stopped,bundle,org.eclipse.wst.validation,1.2.104.v200911120201,"org.eclipse.wst.validation",1333523023814
stopped,bundle,org.eclipse.wst.common.frameworks,1.1.300.v200904160730,"org.eclipse.wst.common.frameworks",1333523024189
stopped,bundle,org.eclipse.jem.util,2.0.201.v201001252130,"org.eclipse.jem.util",1333523024407
stopped,bundle,org.eclipse.emf.ecore.xmi,2.5.0.v200906151043,"org.eclipse.emf.ecore.xmi",1333523024750
stopped,bundle,org.eclipse.xsd,2.5.0.v200906151043,"org.eclipse.xsd",1333523025312
stopped,bundle,org.eclipse.emf.ecore,2.5.0.v200906151043,"org.eclipse.emf.ecore",1333523025640
stopped,bundle,org.eclipse.jdt.launching,3.5.1.v20100108_r352,"org.eclipse.jdt.launching",1333523025640
stopped,bundle,org.eclipse.jdt.debug,3.5.0.v20090526,"org.eclipse.jdt.debug",1333523025640
stopped,bundle,org.eclipse.wst.common.core,1.1.201.v200806010600,"org.eclipse.wst.common.core",1333523025842
stopped,bundle,org.eclipse.wst.internet.cache,1.0.301.v200805140020,"org.eclipse.wst.internet.cache",1333523026250
stopped,bundle,org.eclipse.wst.common.uriresolver,1.1.301.v200805140415,"org.eclipse.wst.common.uriresolver",1333523026968
stopped,bundle,org.eclipse.wst.common.environment,1.0.301.v200908101600,"org.eclipse.wst.common.environment",1333523027311
stopped,bundle,org.eclipse.wst.common.project.facet.core,1.4.1.v200911141735,"org.eclipse.wst.common.project.facet.core",1333523027748
stopped,bundle,org.eclipse.debug.core,3.5.1.v20091103_r352,"org.eclipse.debug.core",1333523042470
stopped,bundle,org.eclipse.jdt.apt.pluggable.core,1.0.201.R35x_v20090925-1100,"org.eclipse.jdt.apt.pluggable.core",1333523042548
stopped,bundle,org.eclipse.jdt.apt.core,3.3.202.R35x_v20091130-2300,"org.eclipse.jdt.apt.core",1333523042548
stopped,bundle,org.eclipse.jdt.core,3.5.2.v_981_R35x,"org.eclipse.jdt.core",1333523043049
stopped,bundle,org.eclipse.team.core,3.5.1.r35x_20100113-0800,"org.eclipse.team.core",1333523043205
activated,perspective,org.eclipse.jdt.ui,,"org.eclipse.jdt.ui.JavaPerspective",1333525692856
started,bundle,org.eclipse.osgi,3.5.2.R35x_v20100126,"org.eclipse.osgi",1333525692856
started,bundle,org.eclipse.compare.core,3.5.0.I20090430-0408,"org.eclipse.compare.core",1333525692872
started,bundle,org.eclipse.core.filebuffers,3.5.0.v20090526-2000,"org.eclipse.core.filebuffers",1333525692872
started,bundle,org.eclipse.core.jobs,3.4.100.v20090429-1800,"org.eclipse.core.jobs",1333525692888
started,bundle,org.eclipse.core.runtime,3.5.0.v20090525,"org.eclipse.core.runtime",1333525692888
started,bundle,org.eclipse.core.runtime.compatibility,3.2.0.v20090413,"org.eclipse.core.runtime.compatibility",1333525692903
started,bundle,org.eclipse.core.runtime.compatibility.auth,3.2.100.v20090413,"org.eclipse.core.runtime.compatibility.auth",1333525692903
started,bundle,org.eclipse.core.variables,3.2.200.v20090521,"org.eclipse.core.variables",1333525692919
started,bundle,org.eclipse.equinox.frameworkadmin,1.0.100.v20090520-1905,"org.eclipse.equinox.frameworkadmin",1333525692919
started,bundle,org.eclipse.equinox.p2.directorywatcher,1.0.100.v20090525,"org.eclipse.equinox.p2.directorywatcher",1333525692934
started,bundle,org.eclipse.equinox.p2.exemplarysetup,1.0.100.v20090520-1905,"org.eclipse.equinox.p2.exemplarysetup",1333525692934
started,bundle,org.eclipse.equinox.p2.garbagecollector,1.0.100.v20090520-1905,"org.eclipse.equinox.p2.garbagecollector",1333525692950
started,bundle,org.eclipse.equinox.p2.reconciler.dropins,1.0.100.v20090520-1905,"org.eclipse.equinox.p2.reconciler.dropins",1333525692966
started,bundle,org.eclipse.equinox.p2.ui.sdk.scheduler,1.0.0.v20090520-1905,"org.eclipse.equinox.p2.ui.sdk.scheduler",1333525692966
started,bundle,org.eclipse.equinox.p2.updatechecker,1.1.0.v20090520-1905,"org.eclipse.equinox.p2.updatechecker",1333525692966
started,bundle,org.eclipse.equinox.registry,3.4.100.v20090520-1800,"org.eclipse.equinox.registry",1333525692981
started,bundle,org.eclipse.equinox.security,1.0.100.v20090520-1800,"org.eclipse.equinox.security",1333525692997
started,bundle,org.eclipse.equinox.util,1.0.100.v20090520-1800,"org.eclipse.equinox.util",1333525692997
started,bundle,org.eclipse.jdt.core.manipulation,1.3.0.v20090603,"org.eclipse.jdt.core.manipulation",1333525693012
started,bundle,org.eclipse.jsch.core,1.1.100.I20090430-0408,"org.eclipse.jsch.core",1333525693028
started,bundle,org.eclipse.ltk.core.refactoring,3.5.0.v20090513-2000,"org.eclipse.ltk.core.refactoring",1333525693028
started,bundle,org.eclipse.team.cvs.core,3.3.200.I20090430-0408,"org.eclipse.team.cvs.core",1333525693044
started,bundle,org.eclipse.team.ui,3.5.0.I20090430-0408,"org.eclipse.team.ui",1333525693059
started,bundle,org.eclipse.ui.console,3.4.0.v20090513,"org.eclipse.ui.console",1333525693075
started,bundle,org.eclipse.ui.editors,3.5.0.v20090527-2000,"org.eclipse.ui.editors",1333525693075
started,bundle,org.eclipse.update.configurator,3.3.0.v20090312,"org.eclipse.update.configurator",1333525693090
started,bundle,org.eclipse.update.core,3.2.300.v20090525,"org.eclipse.update.core",1333525693106
started,bundle,org.eclipse.update.scheduler,3.2.200.v20081127,"org.eclipse.update.scheduler",1333525693106
started,bundle,org.eclipse.epp.usagedata.gathering,1.1.1.R201001291118,"org.eclipse.epp.usagedata.gathering",1333525693122
started,bundle,org.eclipse.epp.usagedata.recording,1.1.1.R201001291118,"org.eclipse.epp.usagedata.recording",1333525693122
started,bundle,org.eclipse.team.cvs.ui,3.3.202.r35x_20090930-0800,"org.eclipse.team.cvs.ui",1333525693137
started,bundle,org.tigris.subversion.subclipse.core,1.0.0,"org.tigris.subversion.subclipse.core",1333525693153
started,bundle,org.tigris.subversion.subclipse.ui,1.0.0,"org.tigris.subversion.subclipse.ui",1333525693184
started,bundle,org.eclipse.equinox.simpleconfigurator,1.0.101.R35x_v20090807-1100,"org.eclipse.equinox.simpleconfigurator",1333525693200
started,bundle,com.ibm.icu,4.0.1.v20090822,"com.ibm.icu",1333525693200
started,bundle,org.eclipse.core.contenttype,3.4.1.R35x_v20090826-0451,"org.eclipse.core.contenttype",1333525693215
started,bundle,org.eclipse.core.databinding.observable,1.2.0.M20090902-0800,"org.eclipse.core.databinding.observable",1333525693231
started,bundle,org.eclipse.core.expressions,3.4.101.R35x_v20100209,"org.eclipse.core.expressions",1333525693246
started,bundle,org.eclipse.core.filesystem,1.2.1.R35x_v20091203-1235,"org.eclipse.core.filesystem",1333525693262
started,bundle,org.eclipse.core.net,1.2.1.r35x_20090812-1200,"org.eclipse.core.net",1333525693278
started,bundle,org.eclipse.core.resources,3.5.2.R35x_v20091203-1235,"org.eclipse.core.resources",1333525693293
started,bundle,org.eclipse.debug.core,3.5.1.v20091103_r352,"org.eclipse.debug.core",1333525693293
started,bundle,org.eclipse.ecf.filetransfer,3.0.0.v20090831-1906,"org.eclipse.ecf.filetransfer",1333525693309
started,bundle,org.eclipse.equinox.app,1.2.1.R35x_v20091203,"org.eclipse.equinox.app",1333525693324
started,bundle,org.eclipse.equinox.common,3.5.1.R35x_v20090807-1100,"org.eclipse.equinox.common",1333525693340
started,bundle,org.eclipse.equinox.ds,1.1.1.R35x_v20090806,"org.eclipse.equinox.ds",1333525693340
started,bundle,org.eclipse.equinox.frameworkadmin.equinox,1.0.101.R35x_v20091214,"org.eclipse.equinox.frameworkadmin.equinox",1333525693356
started,bundle,org.eclipse.equinox.p2.artifact.repository,1.0.101.R35x_v20090721,"org.eclipse.equinox.p2.artifact.repository",1333525693371
started,bundle,org.eclipse.equinox.p2.core,1.0.101.R35x_v20090819,"org.eclipse.equinox.p2.core",1333525693387
started,bundle,org.eclipse.equinox.p2.director,1.0.101.R35x_v20100112,"org.eclipse.equinox.p2.director",1333525693387
started,bundle,org.eclipse.equinox.p2.engine,1.0.102.R35x_v20091117,"org.eclipse.equinox.p2.engine",1333525693402
started,bundle,org.eclipse.equinox.p2.metadata.repository,1.0.101.R35x_v20090812,"org.eclipse.equinox.p2.metadata.repository",1333525693418
started,bundle,org.eclipse.equinox.p2.publisher,1.0.1.R35x_20100105,"org.eclipse.equinox.p2.publisher",1333525693434
started,bundle,org.eclipse.equinox.p2.repository,1.0.1.R35x_v20100105,"org.eclipse.equinox.p2.repository",1333525693434
started,bundle,org.eclipse.equinox.preferences,3.2.301.R35x_v20091117,"org.eclipse.equinox.preferences",1333525693449
started,bundle,org.eclipse.equinox.simpleconfigurator.manipulator,1.0.101.R35x_v20100209,"org.eclipse.equinox.simpleconfigurator.manipulator",1333525693449
started,bundle,org.eclipse.help,3.4.1.v20090805_35x,"org.eclipse.help",1333525693465
started,bundle,org.eclipse.jdt.apt.core,3.3.202.R35x_v20091130-2300,"org.eclipse.jdt.apt.core",1333525693465
started,bundle,org.eclipse.jdt.apt.pluggable.core,1.0.201.R35x_v20090925-1100,"org.eclipse.jdt.apt.pluggable.core",1333525693480
started,bundle,org.eclipse.jdt.core,3.5.2.v_981_R35x,"org.eclipse.jdt.core",1333525693496
started,bundle,org.eclipse.jdt.junit,3.5.2.r352_v20100113-0800,"org.eclipse.jdt.junit",1333525693512
started,bundle,org.eclipse.jdt.launching,3.5.1.v20100108_r352,"org.eclipse.jdt.launching",1333525693527
started,bundle,org.eclipse.jdt.ui,3.5.2.r352_v20100106-0800,"org.eclipse.jdt.ui",1333525693527
started,bundle,org.eclipse.jface,3.5.2.M20100120-0800,"org.eclipse.jface",1333525693543
started,bundle,org.eclipse.ltk.ui.refactoring,3.4.101.r352_v20100209,"org.eclipse.ltk.ui.refactoring",1333525693574
started,bundle,org.eclipse.mylyn.bugzilla.core,3.6.0.v20110608-1400,"org.eclipse.mylyn.bugzilla.core",1333525693590
started,bundle,org.eclipse.mylyn.bugzilla.ui,3.6.0.v20110608-1400,"org.eclipse.mylyn.bugzilla.ui",1333525693590
started,bundle,org.eclipse.mylyn.commons.identity,0.8.0.v20110608-1400,"org.eclipse.mylyn.commons.identity",1333525693605
started,bundle,org.eclipse.mylyn.commons.net,3.6.0.v20110608-1400,"org.eclipse.mylyn.commons.net",1333525693605
started,bundle,org.eclipse.mylyn.commons.ui,3.6.0.v20110608-1400,"org.eclipse.mylyn.commons.ui",1333525693605
started,bundle,org.eclipse.mylyn.context.core,3.6.0.v20110608-1400,"org.eclipse.mylyn.context.core",1333525693621
started,bundle,org.eclipse.mylyn.context.ui,3.6.0.v20110608-1400,"org.eclipse.mylyn.context.ui",1333525693621
started,bundle,org.eclipse.mylyn.monitor.ui,3.6.0.v20110608-1400,"org.eclipse.mylyn.monitor.ui",1333525693636
started,bundle,org.eclipse.mylyn.tasks.ui,3.6.0.v20110608-1400,"org.eclipse.mylyn.tasks.ui",1333525693668
started,bundle,org.eclipse.mylyn.team.ui,3.6.0.v20110608-1400,"org.eclipse.mylyn.team.ui",1333525693683
started,bundle,org.eclipse.search,3.5.1.r351_v20090708-0800,"org.eclipse.search",1333525693699
started,bundle,org.eclipse.team.core,3.5.1.r35x_20100113-0800,"org.eclipse.team.core",1333525693714
started,bundle,org.eclipse.ui,3.5.2.M20100120-0800,"org.eclipse.ui",1333525693714
started,bundle,org.eclipse.ui.forms,3.4.1.v20090714_35x,"org.eclipse.ui.forms",1333525693730
started,bundle,org.eclipse.ui.ide,3.5.2.M20100113-0800,"org.eclipse.ui.ide",1333525693746
started,bundle,org.eclipse.ui.net,1.2.1.r35x_20090812-1200,"org.eclipse.ui.net",1333525693761
started,bundle,org.eclipse.ui.views,3.4.1.M20090826-0800,"org.eclipse.ui.views",1333525693777
started,bundle,org.eclipse.ui.workbench,3.5.2.M20100113-0800,"org.eclipse.ui.workbench",1333525693777
started,bundle,org.eclipse.ui.workbench.texteditor,3.5.1.r352_v20100105,"org.eclipse.ui.workbench.texteditor",1333525693792
os,sysinfo,,,"win32",1333525693808
arch,sysinfo,,,"x86",1333525693808
ws,sysinfo,,,"win32",1333525693808
locale,sysinfo,,,"zh_CN",1333525693808
processors,sysinfo,,,"2",1333525693808
java.runtime.name,sysinfo,,,"Java(TM) SE Runtime Environment",1333525693808
java.runtime.version,sysinfo,,,"1.6.0_20-b02",1333525693808
java.specification.name,sysinfo,,,"Java Platform API Specification",1333525693808
java.specification.vendor,sysinfo,,,"Sun Microsystems Inc.",1333525693808
java.specification.version,sysinfo,,,"1.6",1333525693808
java.vendor,sysinfo,,,"Sun Microsystems Inc.",1333525693808
java.version,sysinfo,,,"1.6.0_20",1333525693808
java.vm.info,sysinfo,,,"mixed mode, sharing",1333525693808
java.vm.name,sysinfo,,,"Java HotSpot(TM) Client VM",1333525693808
java.vm.specification.name,sysinfo,,,"Java Virtual Machine Specification",1333525693808
java.vm.specification.vendor,sysinfo,,,"Sun Microsystems Inc.",1333525693808
java.vm.specification.version,sysinfo,,,"1.0",1333525693808
java.vm.vendor,sysinfo,,,"Sun Microsystems Inc.",1333525693808
java.vm.version,sysinfo,,,"16.3-b01",1333525693808
activated,view,org.eclipse.jdt.ui,3.5.2.r352_v20100106-0800,"org.eclipse.jdt.ui.PackageExplorer",1333525693839
started,bundle,com.android.ide.eclipse.ddms,12.0.0.v201106281929-138431,"com.android.ide.eclipse.ddms",1333525694354
started,bundle,org.eclipse.wst.sse.core,1.1.402.v201001251516,"org.eclipse.wst.sse.core",1333525694588
started,bundle,com.android.ide.eclipse.adt,12.0.0.v201106281929-138431,"com.android.ide.eclipse.adt",1333525694588
activated,editor,org.eclipse.jdt.ui,3.5.2.r352_v20100106-0800,"org.eclipse.jdt.ui.CompilationUnitEditor",1333525696538
opened,view,org.eclipse.ui.ide,3.5.2.M20100113-0800,"org.eclipse.ui.views.ProblemView",1333525699174
activated,view,org.eclipse.jdt.ui,3.5.2.r352_v20100106-0800,"org.eclipse.jdt.ui.PackageExplorer",1333525701904
deactivated,workbench,org.eclipse.ui.workbench,3.5.2.M20100113-0800,"",1333525703730
activated,workbench,org.eclipse.ui.workbench,3.5.2.M20100113-0800,"",1333525709876
deactivated,workbench,org.eclipse.ui.workbench,3.5.2.M20100113-0800,"",1333525710687
activated,workbench,org.eclipse.ui.workbench,3.5.2.M20100113-0800,"",1333525711467
deactivated,workbench,org.eclipse.ui.workbench,3.5.2.M20100113-0800,"",1333525712263
activated,workbench,org.eclipse.ui.workbench,3.5.2.M20100113-0800,"",1333525733089
deactivated,workbench,org.eclipse.ui.workbench,3.5.2.M20100113-0800,"",1333525735632
activated,workbench,org.eclipse.ui.workbench,3.5.2.M20100113-0800,"",1333525747644
deactivated,workbench,org.eclipse.ui.workbench,3.5.2.M20100113-0800,"",1333525748424
activated,workbench,org.eclipse.ui.workbench,3.5.2.M20100113-0800,"",1333525750124
deactivated,workbench,org.eclipse.ui.workbench,3.5.2.M20100113-0800,"",1333525759999
activated,workbench,org.eclipse.ui.workbench,3.5.2.M20100113-0800,"",1333526779276
started,bundle,org.eclipse.compare,3.5.2.r35x_20100113-0800,"org.eclipse.compare",1333526782710
deactivated,workbench,org.eclipse.ui.workbench,3.5.2.M20100113-0800,"",1333526783814
